<?xml version="1.0"?>
<Runs Version="1" Minor="0">
	<Run Id="clk_wiz_1_synth_1" LaunchDir="E:/_VivadoProjects/QMTECH_FAM/CMOSCameraArtix7My/CMOSCameraArtix7My.runs/clk_wiz_1_synth_1" FlowId="Vivado_Synthesis" FromStepId="vivado" ToStepId="vivado"/>
	<Run Id="ram_synth_1" LaunchDir="E:/_VivadoProjects/QMTECH_FAM/CMOSCameraArtix7My/CMOSCameraArtix7My.runs/ram_synth_1" FlowId="Vivado_Synthesis" FromStepId="vivado" ToStepId="vivado"/>
	<Run Id="frame_buffer_synth_1" LaunchDir="E:/_VivadoProjects/QMTECH_FAM/CMOSCameraArtix7My/CMOSCameraArtix7My.runs/frame_buffer_synth_1" FlowId="Vivado_Synthesis" FromStepId="vivado" ToStepId="vivado"/>
	<Run Id="clk_wiz_0_synth_1" LaunchDir="E:/_VivadoProjects/QMTECH_FAM/CMOSCameraArtix7My/CMOSCameraArtix7My.runs/clk_wiz_0_synth_1" FlowId="Vivado_Synthesis" FromStepId="vivado" ToStepId="vivado"/>
	<Run Id="axi_uartlite_0_synth_1" LaunchDir="E:/_VivadoProjects/QMTECH_FAM/CMOSCameraArtix7My/CMOSCameraArtix7My.runs/axi_uartlite_0_synth_1" FlowId="Vivado_Synthesis" FromStepId="vivado" ToStepId="vivado"/>
	<Run Id="synth_3" LaunchDir="E:/_VivadoProjects/QMTECH_FAM/CMOSCameraArtix7My/CMOSCameraArtix7My.runs/synth_3" FlowId="Vivado_Synthesis" FromStepId="vivado" ToStepId="vivado">
		<Parent Id="clk_wiz_1_synth_1"/>
		<Parent Id="ram_synth_1"/>
		<Parent Id="frame_buffer_synth_1"/>
		<Parent Id="clk_wiz_0_synth_1"/>
		<Parent Id="axi_uartlite_0_synth_1"/>
	</Run>
	<Parameters>
		<Parameter Name="runs.monitorLSFJobs" Val="true" Type="bool"/>
		<Parameter Name="runs.enableClusterConf" Val="true" Type="bool"/>
	</Parameters>
</Runs>

