<?xml version="1.0" encoding="UTF-8"?>
<GenRun Id="synth_3" LaunchPart="xc7a100tfgg676-2" LaunchTime="1597491015">
  <File Type="PA-TCL" Name="top.tcl"/>
  <File Type="RDS-PROPCONSTRS" Name="top_drc_synth.rpt"/>
  <File Type="REPORTS-TCL" Name="top_reports.tcl"/>
  <File Type="RDS-RDS" Name="top.vds"/>
  <File Type="RDS-UTIL" Name="top_utilization_synth.rpt"/>
  <File Type="RDS-UTIL-PB" Name="top_utilization_synth.pb"/>
  <File Type="RDS-DCP" Name="top.dcp"/>
  <File Type="VDS-TIMINGSUMMARY" Name="top_timing_summary_synth.rpt"/>
  <File Type="VDS-TIMING-PB" Name="top_timing_summary_synth.pb"/>
  <FileSet Name="sources" Type="DesignSrcs" RelSrcDir="$PSRCDIR/sources_1">
    <Filter Type="Srcs"/>
    <File Path="$PSRCDIR/sources_1/imports/hdl/video_stream/axi2bram.v">
      <FileInfo>
        <Attr Name="ImportPath" Val="$PPRDIR/../src/hdl/video_stream/axi2bram.v"/>
        <Attr Name="ImportTime" Val="1554625610"/>
        <Attr Name="UsedIn" Val="synthesis"/>
        <Attr Name="UsedIn" Val="implementation"/>
        <Attr Name="UsedIn" Val="simulation"/>
      </FileInfo>
    </File>
    <File Path="$PSRCDIR/sources_1/imports/hdl/debounce/debounce_inputs.v">
      <FileInfo>
        <Attr Name="ImportPath" Val="$PPRDIR/../src/hdl/debounce/debounce_inputs.v"/>
        <Attr Name="ImportTime" Val="1554625610"/>
        <Attr Name="UsedIn" Val="synthesis"/>
        <Attr Name="UsedIn" Val="implementation"/>
        <Attr Name="UsedIn" Val="simulation"/>
      </FileInfo>
    </File>
    <File Path="$PSRCDIR/sources_1/imports/hdl/debounce/debouncer.v">
      <FileInfo>
        <Attr Name="ImportPath" Val="$PPRDIR/../src/hdl/debounce/debouncer.v"/>
        <Attr Name="ImportTime" Val="1554625610"/>
        <Attr Name="UsedIn" Val="synthesis"/>
        <Attr Name="UsedIn" Val="implementation"/>
        <Attr Name="UsedIn" Val="simulation"/>
      </FileInfo>
    </File>
    <File Path="$PSRCDIR/sources_1/imports/hdl/dividers/divider_2.v">
      <FileInfo>
        <Attr Name="ImportPath" Val="$PPRDIR/../src/hdl/dividers/divider_2.v"/>
        <Attr Name="ImportTime" Val="1554625610"/>
        <Attr Name="UsedIn" Val="synthesis"/>
        <Attr Name="UsedIn" Val="implementation"/>
        <Attr Name="UsedIn" Val="simulation"/>
      </FileInfo>
    </File>
    <File Path="$PSRCDIR/sources_1/imports/hdl/dividers/divider_4.v">
      <FileInfo>
        <Attr Name="ImportPath" Val="$PPRDIR/../src/hdl/dividers/divider_4.v"/>
        <Attr Name="ImportTime" Val="1554625610"/>
        <Attr Name="UsedIn" Val="synthesis"/>
        <Attr Name="UsedIn" Val="implementation"/>
        <Attr Name="UsedIn" Val="simulation"/>
      </FileInfo>
    </File>
    <File Path="$PSRCDIR/sources_1/imports/hdl/video_stream/frame_read.v">
      <FileInfo>
        <Attr Name="ImportPath" Val="$PPRDIR/../src/hdl/video_stream/frame_read.v"/>
        <Attr Name="ImportTime" Val="1554625610"/>
        <Attr Name="UsedIn" Val="synthesis"/>
        <Attr Name="UsedIn" Val="implementation"/>
        <Attr Name="UsedIn" Val="simulation"/>
      </FileInfo>
    </File>
    <File Path="$PSRCDIR/sources_1/imports/hdl/hdmi/hdmi_ctrl.v">
      <FileInfo>
        <Attr Name="ImportPath" Val="$PPRDIR/../src/hdl/hdmi/hdmi_ctrl.v"/>
        <Attr Name="ImportTime" Val="1554625610"/>
        <Attr Name="UsedIn" Val="synthesis"/>
        <Attr Name="UsedIn" Val="implementation"/>
        <Attr Name="UsedIn" Val="simulation"/>
      </FileInfo>
    </File>
    <File Path="$PSRCDIR/sources_1/imports/hdl/hdmi/hdmi_out.v">
      <FileInfo>
        <Attr Name="ImportPath" Val="$PPRDIR/../src/hdl/hdmi/hdmi_out.v"/>
        <Attr Name="ImportTime" Val="1554625610"/>
        <Attr Name="UsedIn" Val="synthesis"/>
        <Attr Name="UsedIn" Val="implementation"/>
        <Attr Name="UsedIn" Val="simulation"/>
      </FileInfo>
    </File>
    <File Path="$PSRCDIR/sources_1/imports/hdl/hls_generated/img_filter.v">
      <FileInfo>
        <Attr Name="ImportPath" Val="$PPRDIR/../src/hdl/hls_generated/img_filter.v"/>
        <Attr Name="ImportTime" Val="1554625610"/>
        <Attr Name="UsedIn" Val="synthesis"/>
        <Attr Name="UsedIn" Val="implementation"/>
        <Attr Name="UsedIn" Val="simulation"/>
      </FileInfo>
    </File>
    <File Path="$PSRCDIR/sources_1/imports/hdl/hls_generated/img_filter_am_addhbi.v">
      <FileInfo>
        <Attr Name="ImportPath" Val="$PPRDIR/../src/hdl/hls_generated/img_filter_am_addhbi.v"/>
        <Attr Name="ImportTime" Val="1554625610"/>
        <Attr Name="UsedIn" Val="synthesis"/>
        <Attr Name="UsedIn" Val="implementation"/>
        <Attr Name="UsedIn" Val="simulation"/>
      </FileInfo>
    </File>
    <File Path="$PSRCDIR/sources_1/imports/hdl/hls_generated/img_filter_lineBubkb.v">
      <FileInfo>
        <Attr Name="ImportPath" Val="$PPRDIR/../src/hdl/hls_generated/img_filter_lineBubkb.v"/>
        <Attr Name="ImportTime" Val="1554625610"/>
        <Attr Name="UsedIn" Val="synthesis"/>
        <Attr Name="UsedIn" Val="implementation"/>
        <Attr Name="UsedIn" Val="simulation"/>
      </FileInfo>
    </File>
    <File Path="$PSRCDIR/sources_1/imports/hdl/hls_generated/img_filter_lineBucud.v">
      <FileInfo>
        <Attr Name="ImportPath" Val="$PPRDIR/../src/hdl/hls_generated/img_filter_lineBucud.v"/>
        <Attr Name="ImportTime" Val="1554625610"/>
        <Attr Name="UsedIn" Val="synthesis"/>
        <Attr Name="UsedIn" Val="implementation"/>
        <Attr Name="UsedIn" Val="simulation"/>
      </FileInfo>
    </File>
    <File Path="$PSRCDIR/sources_1/imports/hdl/hls_generated/img_filter_mac_muibs.v">
      <FileInfo>
        <Attr Name="ImportPath" Val="$PPRDIR/../src/hdl/hls_generated/img_filter_mac_muibs.v"/>
        <Attr Name="ImportTime" Val="1554625610"/>
        <Attr Name="UsedIn" Val="synthesis"/>
        <Attr Name="UsedIn" Val="implementation"/>
        <Attr Name="UsedIn" Val="simulation"/>
      </FileInfo>
    </File>
    <File Path="$PSRCDIR/sources_1/imports/hdl/hls_generated/img_filter_mac_mujbC.v">
      <FileInfo>
        <Attr Name="ImportPath" Val="$PPRDIR/../src/hdl/hls_generated/img_filter_mac_mujbC.v"/>
        <Attr Name="ImportTime" Val="1554625610"/>
        <Attr Name="UsedIn" Val="synthesis"/>
        <Attr Name="UsedIn" Val="implementation"/>
        <Attr Name="UsedIn" Val="simulation"/>
      </FileInfo>
    </File>
    <File Path="$PSRCDIR/sources_1/imports/hdl/hls_generated/img_filter_mac_mukbM.v">
      <FileInfo>
        <Attr Name="ImportPath" Val="$PPRDIR/../src/hdl/hls_generated/img_filter_mac_mukbM.v"/>
        <Attr Name="ImportTime" Val="1554625610"/>
        <Attr Name="UsedIn" Val="synthesis"/>
        <Attr Name="UsedIn" Val="implementation"/>
        <Attr Name="UsedIn" Val="simulation"/>
      </FileInfo>
    </File>
    <File Path="$PSRCDIR/sources_1/imports/hdl/hls_generated/img_filter_mul_42g8j.v">
      <FileInfo>
        <Attr Name="ImportPath" Val="$PPRDIR/../src/hdl/hls_generated/img_filter_mul_42g8j.v"/>
        <Attr Name="ImportTime" Val="1554625610"/>
        <Attr Name="UsedIn" Val="synthesis"/>
        <Attr Name="UsedIn" Val="implementation"/>
        <Attr Name="UsedIn" Val="simulation"/>
      </FileInfo>
    </File>
    <File Path="$PSRCDIR/sources_1/imports/hdl/hls_generated/img_filter_mul_66fYi.v">
      <FileInfo>
        <Attr Name="ImportPath" Val="$PPRDIR/../src/hdl/hls_generated/img_filter_mul_66fYi.v"/>
        <Attr Name="ImportTime" Val="1554625610"/>
        <Attr Name="UsedIn" Val="synthesis"/>
        <Attr Name="UsedIn" Val="implementation"/>
        <Attr Name="UsedIn" Val="simulation"/>
      </FileInfo>
    </File>
    <File Path="$PSRCDIR/sources_1/imports/hdl/hls_generated/img_filter_mux_83eOg.v">
      <FileInfo>
        <Attr Name="ImportPath" Val="$PPRDIR/../src/hdl/hls_generated/img_filter_mux_83eOg.v"/>
        <Attr Name="ImportTime" Val="1554625610"/>
        <Attr Name="UsedIn" Val="synthesis"/>
        <Attr Name="UsedIn" Val="implementation"/>
        <Attr Name="UsedIn" Val="simulation"/>
      </FileInfo>
    </File>
    <File Path="$PSRCDIR/sources_1/imports/hdl/uart/master_axi.v">
      <FileInfo>
        <Attr Name="ImportPath" Val="$PPRDIR/../src/hdl/uart/master_axi.v"/>
        <Attr Name="ImportTime" Val="1554625610"/>
        <Attr Name="UsedIn" Val="synthesis"/>
        <Attr Name="UsedIn" Val="implementation"/>
        <Attr Name="UsedIn" Val="simulation"/>
      </FileInfo>
    </File>
    <File Path="$PSRCDIR/sources_1/imports/hdl/video_stream/ov7670_init_regs.v">
      <FileInfo>
        <Attr Name="ImportPath" Val="$PPRDIR/../src/hdl/video_stream/ov7670_init_regs.v"/>
        <Attr Name="ImportTime" Val="1554625610"/>
        <Attr Name="UsedIn" Val="synthesis"/>
        <Attr Name="UsedIn" Val="implementation"/>
        <Attr Name="UsedIn" Val="simulation"/>
      </FileInfo>
    </File>
    <File Path="$PSRCDIR/sources_1/imports/hdl/sccb/ov7670_read.v">
      <FileInfo>
        <Attr Name="ImportPath" Val="$PPRDIR/../src/hdl/sccb/ov7670_read.v"/>
        <Attr Name="ImportTime" Val="1554625610"/>
        <Attr Name="UsedIn" Val="synthesis"/>
        <Attr Name="UsedIn" Val="implementation"/>
        <Attr Name="UsedIn" Val="simulation"/>
      </FileInfo>
    </File>
    <File Path="$PSRCDIR/sources_1/imports/hdl/video_stream/processing.v">
      <FileInfo>
        <Attr Name="ImportPath" Val="$PPRDIR/../src/hdl/video_stream/processing.v"/>
        <Attr Name="ImportTime" Val="1554625610"/>
        <Attr Name="UsedIn" Val="synthesis"/>
        <Attr Name="UsedIn" Val="implementation"/>
        <Attr Name="UsedIn" Val="simulation"/>
      </FileInfo>
    </File>
    <File Path="$PSRCDIR/sources_1/imports/hdl/sccb/sccb_ctrl.v">
      <FileInfo>
        <Attr Name="ImportPath" Val="$PPRDIR/../src/hdl/sccb/sccb_ctrl.v"/>
        <Attr Name="ImportTime" Val="1554625610"/>
        <Attr Name="UsedIn" Val="synthesis"/>
        <Attr Name="UsedIn" Val="implementation"/>
        <Attr Name="UsedIn" Val="simulation"/>
      </FileInfo>
    </File>
    <File Path="$PSRCDIR/sources_1/imports/hdl/sccb/sccb_read.v">
      <FileInfo>
        <Attr Name="ImportPath" Val="$PPRDIR/../src/hdl/sccb/sccb_read.v"/>
        <Attr Name="ImportTime" Val="1554625610"/>
        <Attr Name="UsedIn" Val="synthesis"/>
        <Attr Name="UsedIn" Val="implementation"/>
        <Attr Name="UsedIn" Val="simulation"/>
      </FileInfo>
    </File>
    <File Path="$PSRCDIR/sources_1/imports/hdl/sccb/sccb_write.v">
      <FileInfo>
        <Attr Name="ImportPath" Val="$PPRDIR/../src/hdl/sccb/sccb_write.v"/>
        <Attr Name="ImportTime" Val="1554625610"/>
        <Attr Name="UsedIn" Val="synthesis"/>
        <Attr Name="UsedIn" Val="implementation"/>
        <Attr Name="UsedIn" Val="simulation"/>
      </FileInfo>
    </File>
    <File Path="$PSRCDIR/sources_1/imports/hdl/hdmi/tmds_encoder.v">
      <FileInfo>
        <Attr Name="ImportPath" Val="$PPRDIR/../src/hdl/hdmi/tmds_encoder.v"/>
        <Attr Name="ImportTime" Val="1554625610"/>
        <Attr Name="UsedIn" Val="synthesis"/>
        <Attr Name="UsedIn" Val="implementation"/>
        <Attr Name="UsedIn" Val="simulation"/>
      </FileInfo>
    </File>
    <File Path="$PSRCDIR/sources_1/imports/hdl/uart/uart_ctrl.v">
      <FileInfo>
        <Attr Name="ImportPath" Val="$PPRDIR/../src/hdl/uart/uart_ctrl.v"/>
        <Attr Name="ImportTime" Val="1554625610"/>
        <Attr Name="UsedIn" Val="synthesis"/>
        <Attr Name="UsedIn" Val="implementation"/>
        <Attr Name="UsedIn" Val="simulation"/>
      </FileInfo>
    </File>
    <File Path="$PSRCDIR/sources_1/imports/hdl/top.v">
      <FileInfo>
        <Attr Name="ImportPath" Val="$PPRDIR/../src/hdl/top.v"/>
        <Attr Name="ImportTime" Val="1554625610"/>
        <Attr Name="UsedIn" Val="synthesis"/>
        <Attr Name="UsedIn" Val="implementation"/>
        <Attr Name="UsedIn" Val="simulation"/>
      </FileInfo>
    </File>
    <File Path="$PSRCDIR/sources_1/ip/fifo_generator_0/fifo_generator_0.xci">
      <FileInfo>
        <Attr Name="AutoDisabled" Val="1"/>
        <Attr Name="ImportPath" Val="$PPRDIR/../src/ip/fifo_generator_0/fifo_generator_0.xci"/>
        <Attr Name="ImportTime" Val="1591091250"/>
        <Attr Name="UsedIn" Val="synthesis"/>
        <Attr Name="UsedIn" Val="implementation"/>
        <Attr Name="UsedIn" Val="simulation"/>
      </FileInfo>
    </File>
    <Config>
      <Option Name="DesignMode" Val="RTL"/>
      <Option Name="TopModule" Val="top"/>
      <Option Name="TopAutoSet" Val="TRUE"/>
    </Config>
  </FileSet>
  <FileSet Name="constrs_in" Type="Constrs" RelSrcDir="$PSRCDIR/constrs_1">
    <Filter Type="Constrs"/>
    <File Path="$PSRCDIR/constrs_1/imports/constraints/constraints.xdc">
      <FileInfo>
        <Attr Name="ImportPath" Val="$PPRDIR/../src/constraints/constraints.xdc"/>
        <Attr Name="ImportTime" Val="1554625610"/>
        <Attr Name="UsedIn" Val="synthesis"/>
        <Attr Name="UsedIn" Val="implementation"/>
      </FileInfo>
    </File>
    <Config>
      <Option Name="TargetConstrsFile" Val="$PSRCDIR/constrs_1/imports/constraints/constraints.xdc"/>
      <Option Name="ConstrsType" Val="XDC"/>
    </Config>
  </FileSet>
  <FileSet Name="utils" Type="Utils" RelSrcDir="$PSRCDIR/utils_1">
    <Filter Type="Utils"/>
    <Config>
      <Option Name="TopAutoSet" Val="TRUE"/>
    </Config>
  </FileSet>
  <Strategy Version="1" Minor="2">
    <StratHandle Name="Vivado Synthesis Defaults" Flow="Vivado Synthesis 2018"/>
    <Step Id="synth_design"/>
  </Strategy>
  <BlockFileSet Type="BlockSrcs" Name="clk_wiz_1"/>
  <BlockFileSet Type="BlockSrcs" Name="ram"/>
  <BlockFileSet Type="BlockSrcs" Name="axi_uartlite_0"/>
  <BlockFileSet Type="BlockSrcs" Name="frame_buffer"/>
  <BlockFileSet Type="BlockSrcs" Name="clk_wiz_0"/>
</GenRun>
