<?xml version="1.0" encoding="UTF-8"?>
<GenRun Id="synth_1" LaunchPart="xc7a35tcpg236-3" LaunchTime="1592143825">
  <File Type="PA-TCL" Name="top_level.tcl"/>
  <File Type="REPORTS-TCL" Name="top_level_reports.tcl"/>
  <File Type="RDS-RDS" Name="top_level.vds"/>
  <File Type="RDS-UTIL" Name="top_level_utilization_synth.rpt"/>
  <File Type="RDS-UTIL-PB" Name="top_level_utilization_synth.pb"/>
  <File Type="RDS-DCP" Name="top_level.dcp"/>
  <FileSet Name="sources" Type="DesignSrcs" RelSrcDir="$PSRCDIR/sources_1">
    <Filter Type="Srcs"/>
    <File Path="$PSRCDIR/sources_1/imports/ov7670_fr/RGB.vhd">
      <FileInfo>
        <Attr Name="ImportPath" Val="C:/Users/admin/Downloads/Ov7670_fr_zedboard/ov7670_fr/RGB.vhd"/>
        <Attr Name="ImportTime" Val="1368924184"/>
        <Attr Name="UsedIn" Val="synthesis"/>
        <Attr Name="UsedIn" Val="simulation"/>
      </FileInfo>
    </File>
    <File Path="$PSRCDIR/sources_1/imports/ov7670_fr/address_Generator.vhd">
      <FileInfo>
        <Attr Name="ImportPath" Val="C:/Users/admin/Downloads/Ov7670_fr_zedboard/ov7670_fr/address_Generator.vhd"/>
        <Attr Name="ImportTime" Val="1374524771"/>
        <Attr Name="UsedIn" Val="synthesis"/>
        <Attr Name="UsedIn" Val="simulation"/>
      </FileInfo>
    </File>
    <File Path="$PSRCDIR/sources_1/imports/basys3_ov7670/clocking.vhd">
      <FileInfo>
        <Attr Name="ImportPath" Val="$PPRDIR/../basys3_ov7670/clocking.vhd"/>
        <Attr Name="ImportTime" Val="1358348888"/>
        <Attr Name="UsedIn" Val="synthesis"/>
        <Attr Name="UsedIn" Val="simulation"/>
      </FileInfo>
    </File>
    <File Path="$PSRCDIR/sources_1/imports/ov7670_fr/debounce.vhd">
      <FileInfo>
        <Attr Name="ImportPath" Val="C:/Users/admin/Downloads/Ov7670_fr_zedboard/ov7670_fr/debounce.vhd"/>
        <Attr Name="ImportTime" Val="1353448322"/>
        <Attr Name="UsedIn" Val="synthesis"/>
        <Attr Name="UsedIn" Val="simulation"/>
      </FileInfo>
    </File>
    <File Path="$PSRCDIR/sources_1/imports/basys3_ov7670/i2c_sender.vhd">
      <FileInfo>
        <Attr Name="ImportPath" Val="$PPRDIR/../basys3_ov7670/i2c_sender.vhd"/>
        <Attr Name="ImportTime" Val="1353443334"/>
        <Attr Name="UsedIn" Val="synthesis"/>
        <Attr Name="UsedIn" Val="simulation"/>
      </FileInfo>
    </File>
    <File Path="$PSRCDIR/sources_1/imports/ov7670_fr/ov7670_capture.vhd">
      <FileInfo>
        <Attr Name="ImportPath" Val="C:/Users/admin/Downloads/Ov7670_fr_zedboard/ov7670_fr/ov7670_capture.vhd"/>
        <Attr Name="ImportTime" Val="1374659213"/>
        <Attr Name="UsedIn" Val="synthesis"/>
        <Attr Name="UsedIn" Val="simulation"/>
      </FileInfo>
    </File>
    <File Path="$PSRCDIR/sources_1/imports/ov7670_fr/ov7670_controller.vhd">
      <FileInfo>
        <Attr Name="ImportPath" Val="C:/Users/admin/Downloads/Ov7670_fr_zedboard/ov7670_fr/ov7670_controller.vhd"/>
        <Attr Name="ImportTime" Val="1369859174"/>
        <Attr Name="UsedIn" Val="synthesis"/>
        <Attr Name="UsedIn" Val="simulation"/>
      </FileInfo>
    </File>
    <File Path="$PSRCDIR/sources_1/imports/basys3_ov7670/ov7670_registers.vhd">
      <FileInfo>
        <Attr Name="ImportPath" Val="$PPRDIR/../basys3_ov7670/ov7670_registers.vhd"/>
        <Attr Name="ImportTime" Val="1358722594"/>
        <Attr Name="UsedIn" Val="synthesis"/>
        <Attr Name="UsedIn" Val="simulation"/>
      </FileInfo>
    </File>
    <File Path="$PSRCDIR/sources_1/imports/ov7670_fr/vga.vhd">
      <FileInfo>
        <Attr Name="ImportPath" Val="C:/Users/admin/Downloads/Ov7670_fr_zedboard/ov7670_fr/vga.vhd"/>
        <Attr Name="ImportTime" Val="1374576360"/>
        <Attr Name="UsedIn" Val="synthesis"/>
        <Attr Name="UsedIn" Val="simulation"/>
      </FileInfo>
    </File>
    <File Path="$PSRCDIR/sources_1/imports/ov7670_fr/top_level.vhd">
      <FileInfo>
        <Attr Name="ImportPath" Val="C:/Users/admin/Downloads/Ov7670_fr_zedboard/ov7670_fr/top_level.vhd"/>
        <Attr Name="ImportTime" Val="1374658043"/>
        <Attr Name="UsedIn" Val="synthesis"/>
        <Attr Name="UsedIn" Val="simulation"/>
      </FileInfo>
    </File>
    <File Path="$PSRCDIR/sources_1/imports/ov7670_fr/i3c2.vhd">
      <FileInfo>
        <Attr Name="AutoDisabled" Val="1"/>
        <Attr Name="ImportPath" Val="C:/Users/admin/Downloads/Ov7670_fr_zedboard/ov7670_fr/i3c2.vhd"/>
        <Attr Name="ImportTime" Val="1369833406"/>
        <Attr Name="UsedIn" Val="synthesis"/>
        <Attr Name="UsedIn" Val="simulation"/>
      </FileInfo>
    </File>
    <Config>
      <Option Name="DesignMode" Val="RTL"/>
      <Option Name="TopModule" Val="top_level"/>
      <Option Name="TopAutoSet" Val="TRUE"/>
    </Config>
  </FileSet>
  <FileSet Name="constrs_in" Type="Constrs" RelSrcDir="$PSRCDIR/constrs_1">
    <Filter Type="Constrs"/>
    <File Path="$PSRCDIR/constrs_1/imports/new/basys3_xdc.xdc">
      <FileInfo>
        <Attr Name="ImportPath" Val="$PPRDIR/../basys3_ov7670/basys3_ov7670.srcs/constrs_1/new/basys3_xdc.xdc"/>
        <Attr Name="ImportTime" Val="1533713601"/>
        <Attr Name="UsedIn" Val="synthesis"/>
        <Attr Name="UsedIn" Val="implementation"/>
      </FileInfo>
    </File>
    <Config>
      <Option Name="ConstrsType" Val="XDC"/>
    </Config>
  </FileSet>
  <FileSet Name="utils" Type="Utils" RelSrcDir="$PSRCDIR/utils_1">
    <Filter Type="Utils"/>
    <Config>
      <Option Name="TopAutoSet" Val="TRUE"/>
    </Config>
  </FileSet>
  <Strategy Version="1" Minor="2">
    <StratHandle Name="Vivado Synthesis Defaults" Flow="Vivado Synthesis 2017"/>
    <Step Id="synth_design"/>
  </Strategy>
  <BlockFileSet Type="BlockSrcs" Name="frame_buffer"/>
</GenRun>
