<?xml version="1.0" encoding="UTF-8"?>
<GenRun Id="axi_uartlite_0_synth_1" LaunchPart="xc7a100tfgg676-2" LaunchTime="1597479491">
  <File Type="PA-TCL" Name="axi_uartlite_0.tcl"/>
  <File Type="REPORTS-TCL" Name="axi_uartlite_0_reports.tcl"/>
  <File Type="RDS-RDS" Name="axi_uartlite_0.vds"/>
  <File Type="RDS-UTIL" Name="axi_uartlite_0_utilization_synth.rpt"/>
  <File Type="RDS-UTIL-PB" Name="axi_uartlite_0_utilization_synth.pb"/>
  <File Type="RDS-DCP" Name="axi_uartlite_0.dcp"/>
  <FileSet Name="sources" Type="BlockSrcs" RelSrcDir="$PSRCDIR/axi_uartlite_0">
    <File Path="$PSRCDIR/axi_uartlite_0/ip/axi_uartlite_0/axi_uartlite_0.xci">
      <FileInfo>
        <Attr Name="ImportPath" Val="$PPRDIR/../src/ip/axi_uartlite_0_1/axi_uartlite_0.xci"/>
        <Attr Name="ImportTime" Val="1591091194"/>
        <Attr Name="UsedIn" Val="synthesis"/>
        <Attr Name="UsedIn" Val="implementation"/>
        <Attr Name="UsedIn" Val="simulation"/>
      </FileInfo>
    </File>
    <Config>
      <Option Name="TopModule" Val="axi_uartlite_0"/>
      <Option Name="UseBlackboxStub" Val="1"/>
    </Config>
  </FileSet>
  <FileSet Name="constrs_in" Type="BlockSrcs" RelSrcDir="$PSRCDIR/axi_uartlite_0">
    <File Path="$PSRCDIR/axi_uartlite_0/ip/axi_uartlite_0/axi_uartlite_0.xci">
      <FileInfo>
        <Attr Name="ImportPath" Val="$PPRDIR/../src/ip/axi_uartlite_0_1/axi_uartlite_0.xci"/>
        <Attr Name="ImportTime" Val="1591091194"/>
        <Attr Name="UsedIn" Val="synthesis"/>
        <Attr Name="UsedIn" Val="implementation"/>
        <Attr Name="UsedIn" Val="simulation"/>
      </FileInfo>
    </File>
    <Config>
      <Option Name="TopModule" Val="axi_uartlite_0"/>
      <Option Name="UseBlackboxStub" Val="1"/>
    </Config>
  </FileSet>
  <FileSet Name="utils" Type="Utils" RelSrcDir="$PSRCDIR/utils_1">
    <Filter Type="Utils"/>
    <Config>
      <Option Name="TopAutoSet" Val="TRUE"/>
    </Config>
  </FileSet>
  <Strategy Version="1" Minor="2">
    <StratHandle Name="Vivado Synthesis Defaults" Flow="Vivado Synthesis 2020"/>
    <Step Id="synth_design"/>
  </Strategy>
</GenRun>
