<?xml version="1.0" encoding="UTF-8"?>
<GenRun Id="frame_buffer_synth_1" LaunchPart="xc7a100tfgg676-2" LaunchTime="1592306883">
  <File Type="PA-TCL" Name="frame_buffer.tcl"/>
  <File Type="REPORTS-TCL" Name="frame_buffer_reports.tcl"/>
  <File Type="RDS-RDS" Name="frame_buffer.vds"/>
  <File Type="RDS-UTIL" Name="frame_buffer_utilization_synth.rpt"/>
  <File Type="RDS-UTIL-PB" Name="frame_buffer_utilization_synth.pb"/>
  <File Type="RDS-DCP" Name="frame_buffer.dcp"/>
  <FileSet Name="sources" Type="BlockSrcs" RelSrcDir="$PSRCDIR/frame_buffer">
    <File Path="$PSRCDIR/sources_1/ip/frame_buffer/frame_buffer.xci">
      <FileInfo>
        <Attr Name="ImportPath" Val="$PPRDIR/../basys3_ov7670_full/basys3_ov7670_full.srcs/sources_1/ip/frame_buffer/frame_buffer.xci"/>
        <Attr Name="ImportTime" Val="1533719748"/>
        <Attr Name="UsedIn" Val="synthesis"/>
        <Attr Name="UsedIn" Val="implementation"/>
        <Attr Name="UsedIn" Val="simulation"/>
      </FileInfo>
    </File>
    <File Path="$PSRCDIR/sources_1/ip/frame_buffer.xcix">
      <FileInfo>
        <Attr Name="ImportPath" Val="$PPRDIR/../basys3_ov7670_full/basys3_ov7670_full.srcs/sources_1/ip/frame_buffer.xcix"/>
        <Attr Name="ImportTime" Val="1533719909"/>
        <Attr Name="UsedIn" Val="synthesis"/>
        <Attr Name="UsedIn" Val="implementation"/>
        <Attr Name="UsedIn" Val="simulation"/>
      </FileInfo>
    </File>
    <Config>
      <Option Name="TopModule" Val="frame_buffer"/>
      <Option Name="UseBlackboxStub" Val="1"/>
    </Config>
  </FileSet>
  <FileSet Name="constrs_in" Type="BlockSrcs" RelSrcDir="$PSRCDIR/frame_buffer">
    <File Path="$PSRCDIR/sources_1/ip/frame_buffer/frame_buffer.xci">
      <FileInfo>
        <Attr Name="ImportPath" Val="$PPRDIR/../basys3_ov7670_full/basys3_ov7670_full.srcs/sources_1/ip/frame_buffer/frame_buffer.xci"/>
        <Attr Name="ImportTime" Val="1533719748"/>
        <Attr Name="UsedIn" Val="synthesis"/>
        <Attr Name="UsedIn" Val="implementation"/>
        <Attr Name="UsedIn" Val="simulation"/>
      </FileInfo>
    </File>
    <File Path="$PSRCDIR/sources_1/ip/frame_buffer.xcix">
      <FileInfo>
        <Attr Name="ImportPath" Val="$PPRDIR/../basys3_ov7670_full/basys3_ov7670_full.srcs/sources_1/ip/frame_buffer.xcix"/>
        <Attr Name="ImportTime" Val="1533719909"/>
        <Attr Name="UsedIn" Val="synthesis"/>
        <Attr Name="UsedIn" Val="implementation"/>
        <Attr Name="UsedIn" Val="simulation"/>
      </FileInfo>
    </File>
    <Config>
      <Option Name="TopModule" Val="frame_buffer"/>
      <Option Name="UseBlackboxStub" Val="1"/>
    </Config>
  </FileSet>
  <FileSet Name="utils" Type="Utils" RelSrcDir="$PSRCDIR/utils_1">
    <Filter Type="Utils"/>
    <Config>
      <Option Name="TopAutoSet" Val="TRUE"/>
    </Config>
  </FileSet>
  <Strategy Version="1" Minor="2">
    <StratHandle Name="Vivado Synthesis Defaults" Flow="Vivado Synthesis 2018"/>
    <Step Id="synth_design"/>
  </Strategy>
</GenRun>
